LABEL,S,2E,lambda,Tc,kappa,K
t1001,2,6,0.8076647681472834,1.5186514349978557,3.0,1
t1002,4,12,0.7866842753,1.4386981312807,3.0,1
t1003,12,36,0.777795496424984,1.3898343908988755,3.0,1
t1004,6,18,0.7205632906172913,1.231511701323597,3.0,1
t1005,1,4,1.1662436192187766,2.269185314208004,4.0,1
t1006,6,24,1.1448010916706917,2.143319440110952,4.0,1
t1007,3,12,1.1356963439782892,2.143319440110957,4.0,1
t1008,2,10,1.4069258454349174,2.8853900817857827,5.0,1
t1009,4,20,1.4108559665548392,2.9262615729701187,5.0,1
t1010,6,30,1.3920235372520668,2.7858430054722416,5.0,1
t1011,1,6,1.6153295362945668,3.6409569065175127,6.0,1
t2001,18,60,0.9041289720611224,1.5801732281572065,3.333333333333333,2
t2002,8,28,0.916802354580533,1.4761415161472882,3.5,2
t2003,4,18,1.2875104248216185,2.563814512367302,4.5,2
t2004,3,14,1.3277238110823113,2.667641962936981,4.666666666666667,2
t2005,18,72,1.1471469051819043,2.167953816487265,4.0,2
t2006,5,20,1.1461638977120512,2.177876317385871,4.0,2
t2007,5,20,1.1457376630004696,2.171709940920276,4.0,2
t2008,12,54,1.277617919042723,2.4826433639958485,4.5,2
t2009,12,54,1.2802872410286714,2.523724013487953,4.5,2
t2010,7,30,1.1973704095661044,2.202025849928152,4.285714285714286,2
t2011,3,12,1.127778470878558,2.0837241540979448,4.0,2
t2012,4,18,1.260019918757089,2.383122014996648,4.5,2
t2013,14,60,1.1763643902485317,2.02213135556264,4.285714285714286,2
t2014,3,16,1.477419619801947,3.118520977174896,5.333333333333333,2
t2015,4,22,1.512095218134358,3.2416133886012566,5.5,2
t2016,12,60,1.4097384346022626,2.916114715432633,5.0,2
t2017,8,40,1.4091336835976862,2.91019012066293,5.0,2
t2018,7,36,1.4406005351919466,3.0226698331643465,5.142857142857143,2
t2019,8,42,1.4493331343155729,2.985743598055779,5.25,2
t2020,12,66,1.5054947360072273,3.193522437309076,5.5,2
t3001,18,66,1.024168919391666,1.8923396430391688,3.6666666666666665,3
t3002,5,18,1.001597312247539,1.837870026890982,3.6,3
t3003,6,24,1.111755562487164,2.0554584919479635,4.0,3
t3004,9,36,1.1125190955707362,1.9845721026446024,4.0,3
t3005,30,108,1.0014670753038613,1.81657936132568,3.6,3
t3006,13,48,0.994136949285114,1.6315695247132105,3.692307692307693,3
t3007,24,90,1.0174669135810437,1.6648054687973088,3.75,3
t3008,24,90,1.02315616578964,1.696980620118288,3.75,3
t3009,10,38,1.0281949440189069,1.7180444621896145,3.8,3
t3010,6,26,1.2471367171972838,2.4629796179039176,4.333333333333333,3
t3011,9,36,1.1550366863212556,2.2162161019540045,4.0,3
t3012,9,36,1.155034438050329,2.2161145868044168,4.0,3
t3013,6,28,1.3273667344104445,2.6676419629224566,4.666666666666667,3
t3014,5,24,1.3540543695183749,2.753044958956459,4.8,3
t3015,6,30,1.3978721245131085,2.8853900817682527,5.0,3
t3016,5,22,1.2632980201830604,2.5029721026568854,4.4,3
t3017,7,28,1.1518259529141814,2.2016743583729133,4.0,3
t3018,7,28,1.1517968097482831,2.2009156289494944,4.0,3
t3019,5,24,1.3594369815074874,2.7530449589722963,4.8,3
t3020,4,20,1.400727127412048,2.8853900817864275,5.0,3
t3021,5,26,1.443918009460299,3.023270000667051,5.2,3
t3022,14,56,1.150244198392453,2.187485394706756,4.0,3
t3023,9,44,1.3827354369010347,2.834668229245505,4.888888888888889,3
t3024,19,84,1.2576253288712027,2.447741362336305,4.421052631578948,3
t3025,8,34,1.2152376469104755,2.3445634145604703,4.25,3
t3026,24,96,1.1466919298007523,2.163947611192162,4.0,3
t3027,10,42,1.1914181894780351,2.239251081654273,4.2,3
t3028,10,40,1.1459512241334429,2.174813247707018,4.0,3
t3029,8,32,1.1393484332196098,2.1433194401000524,4.0,3
t3030,8,32,1.1422469130869584,2.1645527119805106,4.0,3
t3031,8,32,1.139069745276785,2.13914217465868,4.0,3
t3032,8,32,1.141981167552134,2.160674222012095,4.0,3
t3033,8,36,1.2750051641733149,2.4728524123878826,4.5,3
t3034,19,84,1.2560576388310567,2.435504947437577,4.421052631578948,3
t3035,30,126,1.18082313590535,2.1453437901174706,4.2,3
t3036,20,96,1.3510292885013218,2.6971356195585394,4.8,3
t3037,20,96,1.3539937721246025,2.743299299480237,4.8,3
t3038,10,48,1.3334078540720995,2.5966926362626963,4.8,3
t3039,6,24,1.1318429329339843,2.1147275969368584,4.0,3
t3040,5,24,1.3336260854050848,2.588395842074974,4.8,3
t3041,6,30,1.3816289736383258,2.734281325750692,5.0,3
t3042,13,60,1.29246843970286,2.485595246816542,4.615384615384615,3
t3043,10,48,1.3391648941733127,2.6215923861353545,4.8,3
t3044,7,36,1.4214003398633033,2.885390081768561,5.142857142857143,3
t3045,10,48,1.3414202227741543,2.634413910124816,4.8,3
t3046,5,24,1.3414200716592255,2.634413910140875,4.8,3
t3047,24,114,1.311691402349131,2.4397298374246192,4.75,3
t3048,21,96,1.2687103623524203,2.359646311383759,4.571428571428571,3
t3049,5,28,1.532801307132316,3.3177421789246493,5.6,3
t3050,6,34,1.5465785790301747,3.3694866366725624,5.666666666666667,3
t3051,5,26,1.449257536714307,3.023270000649004,5.2,3
t3052,6,32,1.4770983733735372,3.118520977156776,5.333333333333333,3
t3053,12,60,1.4084112233518773,2.902358146353868,5.0,3
t3054,13,66,1.4253525075180342,2.965027026611936,5.076923076923077,3
t3055,6,30,1.409700668047782,2.9153683212798933,5.0,3
t3056,18,90,1.4034746407390262,2.867417388312868,5.0,3
t3057,13,66,1.4268743794527003,2.9775518590550694,5.076923076923077,3
t3058,11,60,1.49538248438142,3.154384552569032,5.454545454545454,3
t3059,15,84,1.527637763804483,3.2804975821305784,5.6,3
t3060,18,102,1.542338400212708,3.3391885937631383,5.666666666666667,3
t3061,7,36,1.4248456813285375,2.895940080624485,5.142857142857143,3
t4001,25,84,0.9180249630863018,1.650369010718268,3.36,4
t4002,26,96,1.0193035037295908,1.8120705370181576,3.692307692307693,4
t4003,14,54,1.0834168758627938,1.984892529963716,3.857142857142857,4
t4004,11,42,1.0574043857508095,1.8883852087396904,3.8181818181818175,4
t4005,14,60,1.185685983797078,2.218426638714864,4.285714285714286,4
t4006,30,120,1.1303720047578285,2.1158341222492725,4.0,4
t4007,20,78,1.0819654744457747,1.9419406562826231,3.9,4
t4008,27,108,1.1119418414633893,2.010968423816699,4.0,4
t4009,21,84,1.1150775268238025,2.068500312794112,4.0,4
t4010,24,102,1.182579427427891,2.257505987702055,4.25,4
t4011,8,30,1.0490009532459692,1.926173093793636,3.75,4
t4012,7,30,1.1861060209847227,2.225311303821113,4.285714285714286,4
t4013,8,36,1.2408653650258603,2.36070461520266,4.5,4
t4014,19,66,0.952807435084516,1.7004378748187194,3.473684210526316,4
t4015,7,24,0.9463693540609516,1.741705375766904,3.4285714285714284,4
t4016,8,30,1.036052118498021,1.9094104294954013,3.75,4
t4017,15,54,0.9913944977744702,1.762263636857072,3.6,4
t4018,12,48,1.1288733819977033,2.083222255587,4.0,4
t4019,9,36,1.1123484579453649,1.9958362706790944,4.0,4
t4020,12,54,1.2479330867330416,2.365920587926861,4.5,4
t4021,11,42,1.0732706381129908,1.9875084162852648,3.8181818181818175,4
t4022,20,78,1.1004072447288122,2.048394837947429,3.9,4
t4023,10,42,1.1787435528089876,2.195138522555616,4.2,4
t4024,13,60,1.2879462672643407,2.492540213804901,4.615384615384615,4
t4025,48,180,1.0574619431037828,1.9375177526079324,3.75,4
t4026,42,162,1.0762456637614215,1.9354226676011907,3.857142857142857,4
t4027,36,138,1.0690732874924196,1.9128497904505368,3.8333333333333335,4
t4028,42,144,0.9390691534904018,1.6351877460541575,3.4285714285714284,4
t4029,42,144,0.9379386824368138,1.6291589445918415,3.4285714285714284,4
t4030,14,52,1.0184944055281138,1.7681805729230688,3.7142857142857135,4
t4031,30,108,0.9585279742245264,1.521804442096211,3.6,4
t4032,30,108,0.9631868985783516,1.5403507295090813,3.6,4
t4033,28,92,0.8329919322515483,1.3475088222274827,3.2857142857142856,4
t4034,25,102,1.109888789161567,1.7781667433695527,4.08,4
t4035,25,102,1.1138723574742906,1.7870143451084763,4.08,4
t4036,12,48,1.0936786208905818,1.829822571363536,4.0,4
t4037,14,58,1.1403319952215465,1.949750259317007,4.142857142857143,4
t4038,8,34,1.2269220012062076,2.413598350580649,4.25,4
t4039,13,52,1.158491791460049,2.232312254879274,4.0,4
t4040,13,52,1.1584918451227355,2.232310179516929,4.0,4
t4041,8,36,1.2871398007505788,2.5638145123814216,4.5,4
t4042,7,32,1.3004830794447908,2.6079294558748907,4.571428571428571,4
t4043,8,38,1.340073331948705,2.7207644760450407,4.75,4
t4044,14,56,1.1517204745825944,2.2002824254657907,4.0,4
t4045,14,56,1.1518711140537683,2.2023782577711963,4.0,4
t4046,12,48,1.148299518538312,2.183475471269939,4.0,4
t4047,12,48,1.1502163808647503,2.197145094172964,4.0,4
t4048,14,56,1.1517190378272537,2.200213354802816,4.0,4
t4049,14,56,1.151869507853711,2.202310017591627,4.0,4
t4050,12,48,1.1482976413362809,2.183389399360376,4.0,4
t4051,12,48,1.1502149181160526,2.197064710290838,4.0,4
t4052,7,32,1.304748476990358,2.607929455873668,4.571428571428571,4
t4053,8,38,1.347266228396274,2.7207644760426297,4.75,4
t4054,8,40,1.4003532169502355,2.885390081768712,5.0,4
t4055,7,36,1.4290426016091036,2.98328103385588,5.142857142857143,4
t4056,8,42,1.4523772468627016,3.0586652928449003,5.25,4
t4057,16,76,1.348709990726299,2.736890326104976,4.75,4
t4058,7,30,1.2355870603469092,2.434680772088284,4.285714285714286,4
t4059,11,44,1.1570795332823938,2.2256961575271346,4.0,4
t4060,11,44,1.1570793697052684,2.225681881126489,4.0,4
t4061,7,32,1.3043907893415942,2.607929455874073,4.571428571428571,4
t4062,6,28,1.3228231815564608,2.66764196292163,4.666666666666667,4
t4063,7,34,1.364864483262275,2.7903225822076503,4.857142857142857,4
t4064,12,48,1.149292162184082,2.189197358856198,4.0,4
t4065,12,48,1.1494683617976431,2.1916907292796,4.0,4
t4066,10,40,1.1446932818389894,2.1668096958903145,4.0,4
t4067,10,40,1.1470001857745058,2.1834692850084445,4.0,4
t4068,12,48,1.1492748813467226,2.1887387584411724,4.0,4
t4069,12,48,1.1494512147230052,2.1912378174463334,4.0,4
t4070,10,40,1.1446718447062596,2.166219519067,4.0,4
t4071,10,40,1.146979425518626,2.182919341111301,4.0,4
t4072,7,34,1.3730096421846438,2.7903225822098805,4.857142857142857,4
t4073,7,36,1.4336146735802773,2.983281033853968,5.142857142857143,4
t4074,6,32,1.47258161915643,3.1185209771558102,5.333333333333333,4
t4075,7,38,1.4930149547922165,3.188293406787849,5.428571428571429,4
t4076,8,38,1.3475468121629617,2.720764476042319,4.75,4
t4077,7,34,1.369458565956703,2.7903225822256568,4.857142857142857,4
t4078,8,40,1.4003819234122548,2.8853900817871407,5.0,4
t4079,24,116,1.3690236387761048,2.7935117426231084,4.833333333333333,4
t4080,26,104,1.148826910195993,2.178543704546061,4.0,4
t4081,17,72,1.1798223070524252,2.095258799870653,4.235294117647059,4
t4082,16,80,1.4053683990949049,2.903640250180261,5.0,4
t4083,36,144,1.1456110326148272,2.167337338670623,4.0,4
t4084,25,108,1.2307312516028954,2.3639311909990006,4.32,4
t4085,12,50,1.188549559680636,2.2564735761112056,4.166666666666667,4
t4086,11,44,1.1362038238968184,2.127341325102855,4.0,4
t4087,11,44,1.140461350936682,2.1586438814085147,4.0,4
t4088,12,56,1.3071546033112458,2.573101682726956,4.666666666666667,4
t4089,11,44,1.1360010175136923,2.1241850240824887,4.0,4
t4090,11,44,1.1402679002323357,2.155815721687221,4.0,4
t4091,12,56,1.3070015551494722,2.5718746884509174,4.666666666666667,4
t4092,11,52,1.3283144798410544,2.652237330175048,4.727272727272728,4
t4093,11,44,1.1453636409437171,2.1583048797174373,4.0,4
t4094,36,144,1.1445599895197949,2.1567783746893023,4.0,4
t4095,30,120,1.1426646610915394,2.158707463576253,4.0,4
t4096,11,52,1.3307428155370666,2.6242770336689114,4.727272727272728,4
t4097,12,56,1.3213483559179091,2.623418494626617,4.666666666666667,4
t4098,11,52,1.3312943806340751,2.634819067661475,4.727272727272728,4
t4099,8,36,1.2754291800726736,2.478883581514726,4.5,4
t4100,30,150,1.397960214562752,2.8449905202615606,5.0,4
t4101,27,132,1.3744642069956217,2.788343182187681,4.888888888888889,4
t4102,36,162,1.279522317126647,2.508971601857776,4.5,4
t4103,30,150,1.3999646906006171,2.877719526152416,5.0,4
t4104,27,132,1.3765072044239648,2.816046969718452,4.888888888888889,4
t4105,25,108,1.229433075298322,2.355804905470478,4.32,4
t4106,10,44,1.2534864782577124,2.4391436453191533,4.4,4
t4107,28,128,1.2991780061073654,2.5775617781459195,4.571428571428571,4
t4108,30,126,1.1857812519217923,2.1938042203129524,4.2,4
t4109,12,54,1.2543847353638409,2.3424371256339453,4.5,4
t4110,30,144,1.3330941195801924,2.5660692860894496,4.8,4
t4111,19,78,1.1547418534019012,2.132186812580805,4.105263157894737,4
t4112,7,30,1.2035836580159451,2.245517339789856,4.285714285714286,4
t4113,14,60,1.2035844150966093,2.245443027589078,4.285714285714286,4
t4114,9,36,1.1331320912168692,2.1245033740742496,4.0,4
t4115,10,48,1.3341601215178367,2.629408850630669,4.8,4
t4116,8,36,1.2619723893585946,2.42307296139693,4.5,4
t4117,9,36,1.1304949196339136,2.10468509274656,4.0,4
t4118,21,90,1.2066811534600117,2.263585143651253,4.285714285714286,4
t4119,24,102,1.197837690304826,2.249666284233392,4.25,4
t4120,16,72,1.2623972344474543,2.4047937716081904,4.5,4
t4121,7,30,1.203455658272681,2.251370789938031,4.285714285714286,4
t4122,7,36,1.4154834213123206,2.844623696651974,5.142857142857143,4
t4123,8,42,1.4407092660575946,2.930819686677579,5.25,4
t4124,10,48,1.3361835602707657,2.639448688451762,4.8,4
t4125,16,72,1.2645899213823508,2.4384957072517826,4.5,4
t4126,9,44,1.3706952917217077,2.741607522109296,4.888888888888889,4
t4127,9,44,1.370695687649304,2.7416075221254754,4.888888888888889,4
t4128,7,36,1.421392948585012,2.885390081768572,5.142857142857143,4
t4129,10,48,1.3414171347534225,2.6352873861394173,4.8,4
t4130,36,180,1.379496697736528,2.688515891941905,5.0,4
t4131,32,150,1.3108228474612076,2.526507383760088,4.6875,4
t4132,16,68,1.1820401782250012,2.1069522826572458,4.25,4
t4133,7,36,1.4371676612607138,2.983281033836636,5.142857142857143,4
t4134,8,42,1.4595656901222729,3.0586652928475355,5.25,4
t4135,8,42,1.4598203411291353,3.058665292865401,5.25,4
t4136,7,40,1.5564101363609937,3.406947270207211,5.714285714285714,4
t4137,8,46,1.5637803651801043,3.435321989451156,5.75,4
t4138,21,108,1.4385738404215578,3.000214790591241,5.142857142857143,4
t4139,7,38,1.4969044867099752,3.188293406767372,5.428571428571429,4
t4140,8,44,1.511733734696549,3.24161338860052,5.5,4
t4141,7,38,1.497239023981897,3.1882934067864146,5.428571428571429,4
t4142,16,80,1.4080408486420208,2.8981992073526177,5.0,4
t4143,8,40,1.4090172140155546,2.90822434173177,5.0,4
t4144,16,80,1.4099896294766,2.918129648850142,5.0,4
t4145,9,46,1.4324686966697695,2.983285258672705,5.111111111111111,4
t4146,19,102,1.4858840760361265,3.159233814625069,5.368421052631579,4
t4147,10,52,1.4517239345484616,3.052074762854712,5.2,4
t4148,20,114,1.549669082267442,3.368912551774309,5.7,4
t4149,24,138,1.560647342038397,3.4137374754092806,5.75,4
t4150,19,102,1.4757019474707986,3.0749643256661368,5.368421052631579,4
t4151,8,42,1.4492420783662985,2.982820400666661,5.25,4
t5001,18,66,1.0223460947645258,1.863274133678987,3.6666666666666665,5
t5002,15,54,0.9909828080448672,1.771273900613732,3.6,5
t5003,18,72,1.1020216796672708,2.0383180037673285,4.0,5
t5004,9,30,0.9155837758852522,1.6901908002715456,3.333333333333333,5
t5005,10,36,0.9904568629107224,1.8262297332778727,3.6,5
t5006,18,72,1.111914355505749,2.0019642995950284,4.0,5
t5007,16,66,1.1441970378231696,2.055089790568984,4.125,5
t5008,36,144,1.1193999373047705,2.0504801185298374,4.0,5
t5009,36,138,1.078085911736978,2.004718182157632,3.8333333333333335,5
t5010,30,126,1.1730838292132055,2.2125178743927107,4.2,5
t5011,29,132,1.2594095172064943,2.483338365258815,4.551724137931035,5
t5012,30,138,1.2713572945424931,2.5019748665171857,4.6,5
t5013,10,42,1.1711405064135505,2.1801420328291585,4.2,5
t5014,9,42,1.283033157612944,2.4718824549645086,4.666666666666667,5
t5015,10,48,1.3165834253170494,2.564908922103815,4.8,5
t5016,16,60,1.049099985430512,1.9149621234508565,3.75,5
t5017,13,48,1.019116668793805,1.8187657032646896,3.692307692307693,5
t5018,16,66,1.1386828606827433,2.1148872759401853,4.125,5
t5019,10,36,1.0009020009218117,1.837870026890558,3.6,5
t5020,9,36,1.1024193263778117,2.048641703052268,4.0,5
t5021,10,42,1.1546855030921486,2.1657049362217418,4.2,5
t5022,16,66,1.149590906421999,2.083144583504648,4.125,5
t5023,14,60,1.191807773448659,2.167845373942241,4.285714285714286,5
t5024,12,48,1.1200352554834283,2.057719463131129,4.0,5
t5025,36,138,1.0784852774978793,2.001165324018194,3.8333333333333335,5
t5026,16,66,1.155151012774734,2.1317469170788432,4.125,5
t5027,9,36,1.1175112398277232,2.0478043488501205,4.0,5
t5028,19,78,1.1469179029628718,2.123331193342966,4.105263157894737,5
t5029,16,66,1.1728711911212608,2.2033263631176934,4.125,5
t5030,21,90,1.199744062844826,2.252539583077409,4.285714285714286,5
t5031,12,48,1.120182218539466,2.049744947191221,4.0,5
t5032,50,168,0.8904424843914126,1.4914070291844346,3.36,5
t5033,50,204,1.14585850441686,2.12659466450524,4.08,5
t5034,54,204,1.0642120547058915,1.9689901492872104,3.7777777777777777,5
t5035,44,186,1.1757294826919158,2.225763426899252,4.227272727272728,5
t5036,48,180,1.0555599734664929,1.9201687356827075,3.75,5
t5037,43,156,0.9936909206787798,1.6760348394710722,3.627906976744186,5
t5038,43,156,0.9928816501255604,1.6747702411293195,3.627906976744186,5
t5039,18,60,0.9034734283954552,1.579552677291012,3.333333333333333,5
t5040,54,180,0.9033074362488784,1.559944865442414,3.333333333333333,5
t5041,54,180,0.9024255866299602,1.5561414078602684,3.333333333333333,5
t5042,54,216,1.088801977175527,1.8011754222049954,4.0,5
t5043,14,52,1.0102369331688938,1.6873959543428192,3.7142857142857135,5
t5044,14,46,0.8329431448978037,1.353383815093604,3.2857142857142856,5
t5045,16,56,0.9135082637404516,1.5155106762462265,3.5,5
t5046,31,120,1.0351400702318938,1.5706231471762224,3.870967741935484,5
t5047,31,120,1.0384362592908662,1.5739206884140748,3.870967741935484,5
t5048,16,68,1.1743884975646677,2.0281657294266746,4.25,5
t5049,18,78,1.2007660796225832,2.103094219889554,4.333333333333333,5
t5050,10,42,1.2147887935586816,2.384281357869768,4.2,5
t5051,17,68,1.1603173435246643,2.240917367464016,4.0,5
t5052,17,68,1.1603176797964894,2.2409173206621134,4.0,5
t5053,10,44,1.2629728104097568,2.5029721026560234,4.4,5
t5054,9,40,1.270670926542486,2.529883986853388,4.444444444444445,5
t5055,10,46,1.3053329313534263,2.625734196528996,4.6,5
t5056,18,72,1.1549550747675257,2.2153737478024182,4.0,5
t5057,18,72,1.1550718895868377,2.216960499262984,4.0,5
t5058,16,64,1.1527973085901653,2.204670845015419,4.0,5
t5059,16,64,1.1542315636036578,2.214719467323988,4.0,5
t5060,18,72,1.15495510050104,2.2153721147258665,4.0,5
t5061,18,72,1.1550720374883627,2.2169588850334545,4.0,5
t5062,16,64,1.15279713819706,2.204668895795304,4.0,5
t5063,16,64,1.1542316907332844,2.214717642135872,4.0,5
t5064,9,40,1.2740085774532215,2.529883986854613,4.444444444444445,5
t5065,10,44,1.263288156095429,2.502972102656792,4.4,5
t5066,10,46,1.3111101150968076,2.6257341965265044,4.6,5
t5067,10,48,1.353613417731787,2.753044958974981,4.8,5
t5068,9,44,1.3707571244570145,2.811214146980069,4.888888888888889,5
t5069,10,50,1.3952651759189316,2.885390081763862,5.0,5
t5070,16,64,1.1536194454902786,2.2095124457384205,4.0,5
t5071,16,64,1.153632056640602,2.20983713228654,4.0,5
t5072,18,72,1.155035779822957,2.216165353807976,4.0,5
t5073,15,60,1.1442104983849566,2.163748784315731,4.0,5
t5074,15,60,1.1473154870209543,2.185983339024046,4.0,5
t5075,16,72,1.2718778243337736,2.4956393511690145,4.5,5
t5076,16,64,1.1536179919357952,2.209454001130934,4.0,5
t5077,16,64,1.1536308786697689,2.2097788117000503,4.0,5
t5078,15,60,1.1442085317503243,2.1636745306992458,4.0,5
t5079,15,60,1.1473139170235236,2.1859169504876577,4.0,5
t5080,16,72,1.2718768394616138,2.4956171566956025,4.5,5
t5081,9,40,1.2740599123724248,2.5298839868681937,4.444444444444445,5
t5082,10,46,1.3116417132697402,2.6257341965114143,4.6,5
t5083,10,48,1.359200461488566,2.753044958956855,4.8,5
t5084,9,44,1.3774478486209665,2.8112141469767646,4.888888888888889,5
t5085,10,50,1.401356070213981,2.8853900817879623,5.0,5
t5086,9,44,1.3748014269526614,2.8112141469765093,4.888888888888889,5
t5087,10,50,1.4016763073833576,2.8853900817868663,5.0,5
t5088,10,52,1.4435849186564085,3.0232700006681954,5.2,5
t5089,9,48,1.4705084408300797,3.1185209771785587,5.333333333333333,5
t5090,10,54,1.4850050583480408,3.167205402683411,5.4,5
t5091,16,66,1.1821739229358894,2.253049932784491,4.125,5
t5092,14,60,1.2286044371519087,2.382193417053835,4.285714285714286,5
t5093,32,132,1.183629561493191,2.265263769572089,4.125,5
t5094,28,124,1.245323232835046,2.3220254985666955,4.428571428571429,5
t5095,9,38,1.220181559391482,2.397282946110951,4.222222222222222,5
t5096,15,60,1.159526349478223,2.2371830853509485,4.0,5
t5097,15,60,1.1595266944604212,2.2371827764426424,4.0,5
t5098,9,40,1.2737154238810322,2.5298839868541294,4.444444444444445,5
t5099,8,36,1.2837164611467418,2.5638145123822187,4.5,5
t5100,9,42,1.3207763106870425,2.667641962919506,4.666666666666667,5
t5101,16,64,1.15354074580144,2.208748598971814,4.0,5
t5102,16,64,1.15367211159167,2.210554925241312,4.0,5
t5103,14,56,1.1508716021604386,2.1955610815334823,4.0,5
t5104,14,56,1.1525122960699312,2.207144493286476,4.0,5
t5105,16,64,1.1535404602803132,2.2087380409769364,4.0,5
t5106,16,64,1.1536721044190443,2.2105444912986467,4.0,5
t5107,14,56,1.1508714553138717,2.195548239472915,4.0,5
t5108,14,56,1.1525120427312587,2.2071324816260374,4.0,5
t5109,8,36,1.287465114604077,2.563814512367156,4.5,5
t5110,9,42,1.3271881639139238,2.667641962937726,4.666666666666667,5
t5111,9,44,1.374401152527576,2.8112141469776413,4.888888888888889,5
t5112,8,40,1.3962772652150832,2.8853900817664644,5.0,5
t5113,9,46,1.4206675337155277,2.961273925677166,5.111111111111111,5
t5114,10,46,1.3114261167707748,2.625734196525692,4.6,5
t5115,9,42,1.3244882929194346,2.6676419629377257,4.666666666666667,5
t5116,10,48,1.353748243691585,2.7530449589741552,4.8,5
t5117,14,56,1.1518113346366043,2.2012954088986807,4.0,5
t5118,13,52,1.1408036898081204,2.1478871729177587,4.0,5
t5119,13,52,1.1443938525243915,2.1739215977121176,4.0,5
t5120,14,64,1.2869724355529626,2.5285711954656542,4.571428571428571,5
t5121,13,52,1.1407868730110031,2.147405768573495,4.0,5
t5122,13,52,1.1443779451200382,2.1734907862833497,4.0,5
t5123,14,64,1.2869595182097897,2.528410105909407,4.571428571428571,5
t5124,15,68,1.2849556356358005,2.5471094279043185,4.533333333333333,5
t5125,15,68,1.2873247118162103,2.5238292103269666,4.533333333333333,5
t5126,13,54,1.1858224317420964,2.2487817177538423,4.153846153846154,5
t5127,11,48,1.2455846157617876,2.4151260394046687,4.363636363636363,5
t5128,36,162,1.2800055386105584,2.512918729975251,4.5,5
t5129,9,44,1.380547765366657,2.811214146975729,4.888888888888889,5
t5130,8,40,1.4037338466744882,2.885390081786445,5.0,5
t5131,9,46,1.4273703242690057,2.9612739256995164,5.111111111111111,5
t5132,9,46,1.4276961639129735,2.961273925698704,5.111111111111111,5
t5133,9,48,1.4742299762139706,3.118520977156244,5.333333333333333,5
t5134,8,44,1.5083242902242553,3.241613388599564,5.5,5
t5135,9,50,1.5202238034126951,3.2836900953239443,5.555555555555555,5
t5136,10,48,1.3594265688348768,2.7530449589571777,4.8,5
t5137,10,50,1.401869908373372,2.885390081768983,5.0,5
t5138,9,46,1.4243428848458215,2.96127392570043,5.111111111111111,5
t5139,10,52,1.4434798376675584,3.023270000646108,5.2,5
t5140,9,44,1.3777955883432085,2.8112141469759826,4.888888888888889,5
t5141,10,50,1.4016983740306714,2.88539008176898,5.0,5
t5142,9,46,1.4247261412443244,2.961273925680895,5.111111111111111,5
t5143,11,52,1.333992001763433,2.6522373301763347,4.727272727272728,5
t5144,30,152,1.4208800600453426,2.9489995581006148,5.066666666666666,5
t5145,27,132,1.3785620911238672,2.8034427583145423,4.888888888888889,5
t5146,19,84,1.2553814869065951,2.425920829854764,4.421052631578948,5
t5147,48,198,1.174816199240889,2.210998419572879,4.125,5
t5148,42,174,1.1826646746672351,2.241875615366352,4.142857142857143,5
t5149,37,156,1.2024582263896304,2.298687164288576,4.216216216216216,5
t5150,14,60,1.2212882390667907,2.3429656962165257,4.285714285714286,5
t5151,54,216,1.1464411405964974,2.161012419844376,4.0,5
t5152,18,78,1.2364824126127902,2.39238121664998,4.333333333333333,5
t5153,31,132,1.206607112381882,2.2805194499897774,4.258064516129032,5
t5154,16,72,1.2731946261578388,2.47068515795056,4.5,5
t5155,10,42,1.1917969009074003,2.24561187820654,4.2,5
t5156,20,84,1.1917969204929535,2.245609664343581,4.2,5
t5157,48,198,1.173987470355259,2.201269338178807,4.125,5
t5158,42,174,1.181711639753828,2.229982460985409,4.142857142857143,5
t5159,15,60,1.145880085442951,2.173783344484936,4.0,5
t5160,16,72,1.2714775876383664,2.4961576728914268,4.5,5
t5161,16,64,1.139209017367275,2.141240221545571,4.0,5
t5162,14,56,1.1344000356742028,2.118124849461263,4.0,5
t5163,14,56,1.1361335870576676,2.130936217994035,4.0,5
t5164,16,64,1.1421142288344073,2.162621438001752,4.0,5
t5165,14,56,1.137794918688496,2.143319440110964,4.0,5
t5166,14,56,1.1394398846902285,2.155307689858484,4.0,5
t5167,14,64,1.290791172306907,2.529060309026556,4.571428571428571,5
t5168,14,64,1.2907918373821554,2.529060309026563,4.571428571428571,5
t5169,12,56,1.3071497900611249,2.5731016827269504,4.666666666666667,5
t5170,15,60,1.1460217129627333,2.175838680654031,4.0,5
t5171,16,72,1.271352160414155,2.4950993819973752,4.5,5
t5172,14,56,1.1342395427377447,2.1155889442764115,4.0,5
t5173,14,56,1.135973416030253,2.128513256724004,4.0,5
t5174,14,56,1.1376419966005848,2.140999587445398,4.0,5
t5175,14,56,1.139288440059152,2.153082366922962,4.0,5
t5176,14,64,1.2906581274201052,2.5279213889926297,4.571428571428571,5
t5177,14,64,1.290658109008329,2.527921388992629,4.571428571428571,5
t5178,12,56,1.306996645241179,2.5718746884509125,4.666666666666667,5
t5179,16,64,1.1454830455467564,2.162610594790528,4.0,5
t5180,13,52,1.1419728866027463,2.1567013103270174,4.0,5
t5181,13,52,1.1437537105783528,2.169623747814029,4.0,5
t5182,13,52,1.141636932573762,2.1517196058577883,4.0,5
t5183,13,52,1.14342635022008,2.1648614172858074,4.0,5
t5184,13,60,1.3075653368808668,2.591309462841352,4.615384615384615,5
t5185,13,60,1.3075656028709306,2.5913094628570006,4.615384615384615,5
t5186,11,52,1.3283145178504192,2.652237330175042,4.727272727272728,5
t5187,14,64,1.2855675596343996,2.5244858907176018,4.571428571428571,5
t5188,14,64,1.2871476632768546,2.5325383229180964,4.571428571428571,5
t5189,10,44,1.2440548490494383,2.399659488721125,4.4,5
t5190,13,56,1.2253850002189373,2.352040413568774,4.307692307692308,5
t5191,20,88,1.2438636127664473,2.397660590189937,4.4,5
t5192,20,88,1.2440549614861838,2.399659488721132,4.4,5
t5193,10,44,1.24386349228141,2.397660590189939,4.4,5
t5194,18,80,1.2632515201987415,2.470151973679933,4.444444444444445,5
t5195,9,40,1.2632514762438531,2.4701519736658555,4.444444444444445,5
t5196,37,156,1.2017117628000602,2.294246618385626,4.216216216216216,5
t5197,31,132,1.2083234698496987,2.297759768622228,4.258064516129032,5
t5198,14,68,1.3623110188808336,2.717777883913837,4.857142857142857,5
t5199,13,60,1.2975578999006971,2.513899988920344,4.615384615384615,5
t5200,16,78,1.362462994821949,2.7258925363627946,4.875,5
t5201,18,86,1.343548840848219,2.6685520056251018,4.777777777777778,5
t5202,18,88,1.3674360118453446,2.7368390588511184,4.888888888888889,5
t5203,18,88,1.3677475403983403,2.7377799852111764,4.888888888888889,5
t5204,14,66,1.3321884140957707,2.6528406951589627,4.714285714285714,5
t5205,16,72,1.2754293773334473,2.4789046028414177,4.5,5
t5206,14,60,1.219498341172502,2.331527027149052,4.285714285714286,5
t5207,48,216,1.2510403340750924,2.2763678806357306,4.5,5
t5208,42,216,1.4306414460441972,2.9530235511252583,5.142857142857143,5
t5209,38,186,1.3789888563900516,2.812270688988676,4.894736842105263,5
t5210,37,174,1.3298230708826195,2.647435982341184,4.702702702702703,5
t5211,54,252,1.3074123178185548,2.50994379373147,4.666666666666667,5
t5212,37,174,1.3311991944989296,2.6609809535109825,4.702702702702703,5
t5213,48,216,1.2527136564671435,2.3008447337690976,4.5,5
t5214,42,216,1.432059227799997,2.976155438378405,5.142857142857143,5
t5215,38,186,1.3803899916949864,2.8263592513054805,4.894736842105263,5
t5216,36,162,1.2803953218276027,2.5224749559529567,4.5,5
t5217,42,180,1.208710415653106,2.231024226679988,4.285714285714286,5
t5218,13,60,1.3063761582322422,2.5888003550951924,4.615384615384615,5
t5219,14,64,1.29871194483755,2.569994332830741,4.571428571428571,5
t5220,16,74,1.312560488810787,2.6096684455200405,4.625,5
t5221,14,64,1.2983386155623358,2.5666398643043307,4.571428571428571,5
t5222,16,74,1.3120403102539788,2.6076331971669555,4.625,5
t5223,42,180,1.212985269941414,2.277603333340578,4.285714285714286,5
t5224,16,78,1.361060341123162,2.6987226219677813,4.875,5
t5225,13,66,1.399607169410387,2.803578458107389,5.076923076923077,5
t5226,16,84,1.4404281261036356,2.943042532133658,5.25,5
t5227,31,156,1.3862015773621408,2.6970922594057622,5.032258064516129,5
t5228,21,102,1.3462473178672287,2.597530707990357,4.857142857142857,5
t5229,23,114,1.3739041630041,2.734040406602141,4.956521739130435,5
t5230,22,96,1.2231458544920046,2.290513841194404,4.363636363636363,5
t5231,25,114,1.2745941548348607,2.438286549027154,4.56,5
t5232,22,102,1.290300491499461,2.458422386701892,4.636363636363637,5
t5233,10,42,1.1808846273079965,2.192663547425892,4.2,5
t5234,10,48,1.3332981196239877,2.591765401529724,4.8,5
t5235,30,126,1.1831849588242307,2.2102037957477285,4.2,5
t5236,15,66,1.2348528514560166,2.328905221449918,4.4,5
t5237,20,96,1.3332982968049951,2.5917645561162987,4.8,5
t5238,12,48,1.1298168285867736,2.099558145546875,4.0,5
t5239,12,48,1.133773818623684,2.129296483173248,4.0,5
t5240,12,56,1.310551128279981,2.568032187407067,4.666666666666667,5
t5241,12,56,1.310551550794489,2.568032187423683,4.666666666666667,5
t5242,10,48,1.3341609227496796,2.6294088506306665,4.8,5
t5243,10,42,1.1807655292226165,2.200155823440036,4.2,5
t5244,12,48,1.1318000902131466,2.11472759693687,4.0,5
t5245,13,60,1.2866760397962198,2.498832781369443,4.615384615384615,5
t5246,25,114,1.2768988120625733,2.4405751404650577,4.56,5
t5247,13,60,1.2894175349869696,2.456024216929691,4.615384615384615,5
t5248,13,60,1.2894039793067544,2.454290653094908,4.615384615384615,5
t5249,30,138,1.2883161436227704,2.472621686452396,4.6,5
t5250,8,36,1.2623820187439856,2.40597391601678,4.5,5
t5251,9,42,1.305314358224966,2.528921065336528,4.666666666666667,5
t5252,13,60,1.2895686229011512,2.466899618466421,4.615384615384615,5
t5253,8,36,1.256690390267595,2.388138323315321,4.5,5
t5254,9,42,1.2973568860052394,2.4993305478048944,4.666666666666667,5
t5255,16,72,1.26197258900122,2.423072961396932,4.5,5
t5256,9,48,1.460249165660995,3.000121962883376,5.333333333333333,5
t5257,10,54,1.4758399529466468,3.057055531302661,5.4,5
t5258,13,66,1.405157952798377,2.84178087902705,5.076923076923077,5
t5259,13,66,1.4050362947780617,2.833980832817718,5.076923076923077,5
t5260,14,72,1.4203012340884935,2.882200181752349,5.142857142857143,5
t5261,9,42,1.3054719809869295,2.5233502624404944,4.666666666666667,5
t5262,10,48,1.3396312266118084,2.6279973553348848,4.8,5
t5263,20,96,1.339662901010468,2.625284711455349,4.8,5
t5264,9,42,1.300947968163021,2.494847437175751,4.666666666666667,5
t5265,10,48,1.3330679266801495,2.587360472744454,4.8,5
t5266,29,132,1.276256536753267,2.4520649639388474,4.551724137931035,5
t5267,30,138,1.290140573828943,2.510632508583807,4.6,5
t5268,28,120,1.2086090677033536,2.287527658253525,4.285714285714286,5
t5269,12,56,1.3122628106870708,2.5769821753488147,4.666666666666667,5
t5270,12,56,1.3122628769574491,2.5769821753488107,4.666666666666667,5
t5271,10,48,1.336177724170955,2.639448688451777,4.8,5
t5272,13,60,1.2900041835813183,2.5163499063931183,4.615384615384615,5
t5273,22,96,1.2284714246938249,2.332313058559073,4.363636363636363,5
t5274,24,126,1.4459170420560408,2.991525707692828,5.25,5
t5275,13,60,1.2942071777637378,2.5090228595317403,4.615384615384615,5
t5276,8,36,1.2645898959799948,2.4384957072369104,4.5,5
t5277,13,68,1.4473195792786104,2.9892461851349275,5.230769230769231,5
t5278,13,68,1.4473193003799971,2.9892461851349275,5.230769230769231,5
t5279,11,60,1.4924095899321488,3.1354009266930545,5.454545454545454,5
t5280,11,60,1.4924096523001265,3.1354009267145595,5.454545454545454,5
t5281,13,66,1.4080145825538386,2.844429142025969,5.076923076923077,5
t5282,21,102,1.3558906638712436,2.677229655628829,4.857142857142857,5
t5283,18,96,1.4649153141353757,3.035351441256549,5.333333333333333,5
t5284,9,48,1.4649152262865412,3.035351441276919,5.333333333333333,5
t5285,48,234,1.356090472904394,2.6471267823746683,4.875,5
t5286,42,210,1.3842586228402862,2.7428344723336,5.0,5
t5287,15,64,1.1810002754995967,2.090773006976596,4.266666666666667,5
t5288,32,150,1.3139678761732223,2.545800483993621,4.6875,5
t5289,10,52,1.4492460721018543,3.023270000648887,5.2,5
t5290,9,48,1.4769230573728271,3.1185209771757547,5.333333333333333,5
t5291,10,54,1.490787872865876,3.1672054026805423,5.4,5
t5292,10,54,1.4912939116540576,3.1672054026609646,5.4,5
t5293,10,54,1.4910996486493349,3.16720540266073,5.4,5
t5294,9,52,1.569509075013748,3.457559201890444,5.777777777777778,5
t5295,10,58,1.5740945341074453,3.4754560346314225,5.8,5
t5296,14,72,1.4311385682199147,2.940392418049063,5.142857142857143,5
t5297,36,192,1.4758145717175803,3.1107920227337886,5.333333333333333,5
t5298,13,68,1.4576608174015724,3.0670100708759525,5.230769230769231,5
t5299,9,46,1.430448535770502,2.961273925681702,5.111111111111111,5
t5300,10,52,1.4490407778386152,3.0232700006485573,5.2,5
t5301,9,50,1.5232568060767495,3.283690095346001,5.555555555555555,5
t5302,10,56,1.5324724226619422,3.317742178925762,5.6,5
t5303,8,44,1.5120430350035412,3.2416133886010714,5.5,5
t5304,9,50,1.5235376143044983,3.2836900953453894,5.555555555555555,5
t5305,9,50,1.5235988884086415,3.283690095325752,5.555555555555555,5
t5306,10,56,1.532788087506686,3.3177421789247843,5.6,5
t5307,31,162,1.45561054106024,3.0513384404065094,5.225806451612903,5
t5308,10,50,1.408600383393224,2.9037617323523346,5.0,5
t5309,20,100,1.407818718020337,2.8956695739289,5.0,5
t5310,10,50,1.408700207172989,2.905505723495652,5.0,5
t5311,20,100,1.409386049262212,2.911900265562704,5.0,5
t5312,10,50,1.4101633152650168,2.919764519412704,5.0,5
t5313,28,144,1.4391436136843545,3.0067306513223704,5.142857142857143,5
t5314,30,150,1.4057493067122175,2.884808825248509,5.0,5
t5315,20,100,1.4094739434338737,2.913304010419238,5.0,5
t5316,31,162,1.4570428880741182,3.0689906926638635,5.225806451612903,5
t5317,14,74,1.4690488356422993,3.105105450871562,5.285714285714286,5
t5318,30,152,1.4247420860691409,2.9707066617726547,5.066666666666666,5
t5319,11,56,1.4297898332620589,2.9871638544150296,5.090909090909091,5
t5320,26,150,1.5648649110992292,3.431037287634942,5.769230769230769,5
t5321,30,174,1.5716070065350374,3.458865092710929,5.8,5
t5322,27,156,1.5667383278682236,3.438758551972688,5.777777777777778,5
t5323,24,126,1.4489472517037614,2.97611754260517,5.25,5
t5324,18,96,1.4680438420838244,3.050253761924552,5.333333333333333,5
t5325,14,78,1.521306958606231,3.254977177831651,5.571428571428571,5
t5326,11,60,1.4952821385723944,3.153790680943816,5.454545454545454,5
t5327,14,78,1.5211902533833468,3.2536281343396944,5.571428571428571,5
t5328,25,138,1.5097253566864612,3.207578005821416,5.52,5
t5329,16,84,1.4492419527597864,2.982831817202862,5.25,5
t5330,9,48,1.4680447350232937,3.0501193170197114,5.333333333333333,5
t5331,10,54,1.4829453348125274,3.104963166507772,5.4,5
t5332,25,132,1.4556715763352268,2.998471131071303,5.28,5
t6001,22,78,0.9833680409234234,1.7917786220774783,3.5454545454545454,6
t6002,19,66,0.95242978320709,1.7102473822999074,3.473684210526316,6
t6003,22,84,1.0485941348019143,1.9324249038001733,3.8181818181818175,6
t6004,22,84,1.056756755291554,1.8923517023532743,3.8181818181818175,6
t6005,20,78,1.07709849633357,1.9138305497911927,3.9,6
t6006,45,156,0.9590686300286064,1.7737993924574935,3.466666666666667,6
t6007,48,186,1.0909523854760972,2.012541195490881,3.875,6
t6008,35,132,1.0432903439790366,1.8562994052767785,3.7714285714285714,6
t6009,36,138,1.0676322045275222,1.961468498727092,3.8333333333333335,6
t6010,12,42,0.9687437133138423,1.7812067401886695,3.5,6
t6011,11,42,1.04894484415013,1.943377263602044,3.8181818181818175,6
t6012,12,48,1.096989351233204,2.045060544247708,4.0,6
t6013,17,66,1.0982722808319292,2.036216435144533,3.882352941176471,6
t6014,20,78,1.1085168626831303,2.070164867370058,3.9,6
t6015,20,84,1.1815475926243502,2.2304400156508555,4.2,6
t6016,20,78,1.0821354869039224,1.935180348951796,3.9,6
t6017,20,90,1.2523163541795266,2.3943162311163326,4.5,6
t6018,17,78,1.2627301708167826,2.4150361084554497,4.588235294117647,6
t6019,20,96,1.316094233881376,2.5662739312249965,4.8,6
t6020,54,216,1.1426608932501063,2.171483116918317,4.0,6
t6021,42,174,1.175661165799782,2.2400400890016017,4.142857142857143,6
t6022,48,198,1.170529929661469,2.2228126458648827,4.125,6
t6023,48,192,1.1235284786784248,2.0796157265436817,4.0,6
t6024,38,168,1.224612601986011,2.247601366065513,4.421052631578948,6
t6025,28,120,1.1885890580102876,2.212379041883007,4.285714285714286,6
t6026,35,132,1.0581892094549443,1.9605684061405235,3.7714285714285714,6
t6027,39,180,1.281323888442989,2.523360171935018,4.615384615384615,6
t6028,42,210,1.371005864867647,2.847442598915237,5.0,6
t6029,32,150,1.2934217930875525,2.583872941451713,4.6875,6
t6030,36,174,1.329784845159979,2.7076919977593765,4.833333333333333,6
t6031,12,42,0.9693849914693344,1.7812067401892422,3.5,6
t6032,11,42,1.0704983465133222,1.967764210251043,3.8181818181818175,6
t6033,12,48,1.1194916903414809,2.069347725608236,4.0,6
t6034,12,54,1.2476385345327743,2.368604747414294,4.5,6
t6035,11,54,1.343936955191407,2.64400315846723,4.909090909090909,6
t6036,12,60,1.3666790283251231,2.712124166720808,5.0,6
t6037,20,72,1.000915004159397,1.823412660517482,3.6,6
t6038,17,60,0.969444198480654,1.7365916259098664,3.5294117647058822,6
t6039,20,78,1.072647978674517,1.9793091619543184,3.9,6
t6040,20,78,1.0816029415923958,1.940193719185552,3.9,6
t6041,18,72,1.1069540089908698,1.9740203703486128,4.0,6
t6042,11,36,0.8959750709675416,1.6580445020355676,3.272727272727273,6
t6043,12,42,0.9600204237380566,1.772386584642876,3.5,6
t6044,12,48,1.1108283732051738,2.0554584919495187,4.0,6
t6045,11,48,1.197085196562436,2.2660073578606053,4.363636363636363,6
t6046,12,54,1.2322524500575065,2.35305648996707,4.5,6
t6047,18,72,1.1077428348059115,1.9808987576550496,4.0,6
t6048,33,108,0.8912905047533779,1.614483555801277,3.272727272727273,6
t6049,17,60,0.969835761485449,1.727543521359007,3.5294117647058822,6
t6050,27,90,0.9098581788631712,1.6391050965955063,3.333333333333333,6
t6051,11,42,1.0616735099811552,1.936870957151558,3.8181818181818175,6
t6052,15,60,1.136586015227706,2.123039946436873,4.0,6
t6053,18,72,1.141567996643184,2.1474301808382608,4.0,6
t6054,18,78,1.2226388860506483,2.332240038876305,4.333333333333333,6
t6055,18,84,1.3011295833655492,2.523015561476904,4.666666666666667,6
t6056,15,72,1.3226620264371554,2.5735903278642582,4.8,6
t6057,18,90,1.3718935717793233,2.724836445001324,5.0,6
t6058,20,82,1.1641377100131511,2.195501285510064,4.1,6
t6059,15,60,1.123094443648217,2.0698874892257164,4.0,6
t6060,19,78,1.1520477145449373,2.1291942988604404,4.105263157894737,6
t6061,37,150,1.1355355589482974,2.105654882265773,4.054054054054054,6
t6062,16,72,1.2507755273496408,2.368560901022763,4.5,6
t6063,17,78,1.2769589918477748,2.477659915478991,4.588235294117647,6
t6064,12,48,1.1292202569272454,2.091976902974217,4.0,6
t6065,12,54,1.2478207988663632,2.358928509957431,4.5,6
t6066,12,48,1.1201054008154945,2.061456731710508,4.0,6
t6067,35,132,1.0581482318402355,1.9606313174132857,3.7714285714285714,6
t6068,38,168,1.2245981487954796,2.232619474307141,4.421052631578948,6
t6069,22,84,1.0616744894568215,1.9368695393833952,3.8181818181818175,6
t6070,11,42,1.0617138982952017,1.954655601611952,3.8181818181818175,6
t6071,18,72,1.117511254942244,2.04781349048135,4.0,6
t6072,16,66,1.158016404683627,2.133609885661312,4.125,6
t6073,32,150,1.3012200954182105,2.466373500327155,4.6875,6
t6074,29,132,1.2720204609568335,2.4344870854766403,4.551724137931035,6
t6075,22,114,1.4245339270390371,2.9358145210695468,5.181818181818182,6
t6076,32,150,1.3074750209755768,2.5502606174630715,4.6875,6
t6077,16,78,1.351040368038291,2.674132244284209,4.875,6
t6078,15,60,1.1232070105934375,2.063303808935922,4.0,6
t6079,18,72,1.1227743917344135,2.066190173318035,4.0,6
t6080,16,72,1.2509413338843396,2.356298683194544,4.5,6
t6081,66,252,1.0819931972574224,2.001378236114596,3.8181818181818175,6
t6082,60,252,1.1756032816127409,2.1590302481096724,4.2,6
t6083,57,216,1.0689991529439202,1.977634717814801,3.789473684210526,6
t6084,66,270,1.1346954059581935,2.036544512901871,4.090909090909091,6
t6085,60,276,1.273481604836871,2.5065435944839862,4.6,6
t6086,57,216,1.0401062686007327,1.774830449043951,3.789473684210526,6
t6087,66,252,1.0799596798870663,1.981349441300676,3.8181818181818175,6
t6088,50,204,1.1445335840920976,2.1192468649084093,4.08,6
t6089,54,222,1.1569224303179506,2.1927567932911214,4.111111111111111,6
t6090,24,84,0.9645212418565942,1.70117820871768,3.5,6
t6091,19,72,1.0394360608173387,1.802060694214333,3.789473684210526,6
t6092,55,192,0.9466925551657028,1.5803642987909512,3.4909090909090907,6
t6093,56,204,0.9990068176743412,1.7143405340967734,3.642857142857143,6
t6094,55,192,0.9460582659464346,1.5797302311453898,3.4909090909090907,6
t6095,56,204,0.9981659580504866,1.7092325304694675,3.642857142857143,6
t6096,19,72,1.0401654758130523,1.781400058806205,3.789473684210526,6
t6097,60,216,1.0021937415784905,1.78436843598065,3.6,6
t6098,60,216,1.0012830265236587,1.7752657240680805,3.6,6
t6099,36,132,1.0256426289765068,1.848565301784718,3.6666666666666665,6
t6100,60,252,1.1577407190104576,1.9371244413419904,4.2,6
t6101,60,252,1.159127452657427,1.9496210850975144,4.2,6
t6102,22,90,1.1352241468167124,2.023279411124949,4.090909090909091,6
t6103,60,252,1.160917732697167,2.033041285382148,4.2,6
t6104,20,84,1.1602557535693256,2.03002041684186,4.2,6
t6105,20,84,1.1609981188997882,2.059355128097533,4.2,6
t6106,18,66,0.9701189914181164,1.584479678577349,3.6666666666666665,6
t6107,20,76,1.0153534132679576,1.6843639286497156,3.8,6
t6108,48,156,0.818949588949808,1.3302622962340347,3.25,6
t6109,18,72,1.1087664403361646,1.9064619729368288,4.0,6
t6110,15,64,1.1729716321045265,2.0338980438844336,4.266666666666667,6
t6111,18,66,0.9787976499445236,1.6161763940211429,3.6666666666666665,6
t6112,20,88,1.2216730765546546,2.160962774041942,4.4,6
t6113,22,98,1.238724028065893,2.2134271040735256,4.454545454545454,6
t6114,18,72,1.114098126052767,1.951329407181432,4.0,6
t6115,12,50,1.2067021180995543,2.3648619974564102,4.166666666666667,6
t6116,21,84,1.161446920786576,2.2462659677949923,4.0,6
t6117,21,84,1.1614469495436894,2.246265966668141,4.0,6
t6118,12,52,1.2468551271605472,2.462979617890036,4.333333333333333,6
t6119,11,48,1.2516900056790563,2.481103065000788,4.363636363636363,6
t6120,12,54,1.282159865530797,2.5638145123849325,4.5,6
t6121,22,88,1.1570097672101678,2.225051909678018,4.0,6
t6122,22,88,1.1571052364066716,2.22632805482723,4.0,6
t6123,20,80,1.1554902890765064,2.217468537121692,4.0,6
t6124,20,80,1.1566369493809414,2.225411765775474,4.0,6
t6125,22,88,1.157009794842018,2.22505186953448,4.0,6
t6126,22,88,1.1571052086092044,2.2263280151353,4.0,6
t6127,20,80,1.1554902073063604,2.217468490496497,4.0,6
t6128,20,80,1.1566369065576965,2.2254117220625904,4.0,6
t6129,11,48,1.254423814014947,2.4811030650019306,4.363636363636363,6
t6130,12,52,1.2471208002451108,2.462979617890844,4.333333333333333,6
t6131,12,54,1.2869780191766014,2.5638145123656093,4.5,6
t6132,12,56,1.3224068657162704,2.667641962941121,4.666666666666667,6
t6133,11,52,1.3336030965727248,2.706193448896583,4.727272727272728,6
t6134,12,58,1.357126936757165,2.774739570044021,4.833333333333333,6
t6135,20,80,1.1561498785724182,2.2212720984423777,4.0,6
t6136,20,80,1.1561600835182904,2.2215240653244823,4.0,6
t6137,22,88,1.1570777410208009,2.225669547264656,4.0,6
t6138,22,88,1.1570787167791197,2.2257097593354502,4.0,6
t6139,19,76,1.1488622819992518,2.185739946639875,4.0,6
t6140,19,76,1.1513093470541031,2.202935242548814,4.0,6
t6141,20,88,1.2507518743536294,2.4498250882578865,4.4,6
t6142,20,80,1.1561499078207038,2.2212706732036995,4.0,6
t6143,20,80,1.156160027517133,2.2215226429878228,4.0,6
t6144,22,88,1.1570777566827697,2.225668279917896,4.0,6
t6145,22,88,1.1570786770485038,2.225708492429913,4.0,6
t6146,19,76,1.1488621635140372,2.1857381311772333,4.0,6
t6147,19,76,1.1513093893544628,2.2029336214241457,4.0,6
t6148,20,88,1.2507518486285387,2.4498246252396583,4.4,6
t6149,11,48,1.2544830715230355,2.481103065002407,4.363636363636363,6
t6150,12,54,1.2874388388417912,2.563814512381234,4.5,6
t6151,12,56,1.327083552252588,2.667641962921298,4.666666666666667,6
t6152,11,52,1.339100637947829,2.706193448892928,4.727272727272728,6
t6153,12,58,1.362225478385291,2.774739570016149,4.833333333333333,6
t6154,11,52,1.3369467980246357,2.7061934488924324,4.727272727272728,6
t6155,12,56,1.3228067260953582,2.667641962938415,4.666666666666667,6
t6156,12,58,1.3625048576445573,2.774739570017517,4.833333333333333,6
t6157,12,60,1.3974489738030222,2.885390081790955,5.0,6
t6158,11,56,1.415299509123106,2.9473458733013853,5.090909090909091,6
t6159,12,62,1.4319856289997324,2.999883842738977,5.166666666666667,6
t6160,20,80,1.156160347879691,2.2214157956844485,4.0,6
t6161,20,80,1.1561605049288397,2.221423787898769,4.0,6
t6162,19,76,1.1501469657421963,2.192751573808849,4.0,6
t6163,19,76,1.1503698604522623,2.1958804798215543,4.0,6
t6164,20,88,1.250394572199763,2.4498351841924912,4.4,6
t6165,20,80,1.1446100336304987,2.16575055150716,4.0,6
t6166,20,80,1.1447211484137036,2.167336158961601,4.0,6
t6167,18,72,1.1414766376009742,2.1505502219487496,4.0,6
t6168,18,72,1.1428203074690664,2.1601530810977856,4.0,6
t6169,20,80,1.146924133796155,2.1824720441931627,4.0,6
t6170,20,80,1.1470299214596564,2.1839694723393017,4.0,6
t6171,18,72,1.144104270634159,2.169516896669001,4.0,6
t6172,18,72,1.1453805464315236,2.178655640390654,4.0,6
t6173,18,80,1.2630708603530203,2.470162700940604,4.444444444444445,6
t6174,18,80,1.26307094857238,2.470162700940604,4.444444444444445,6
t6175,16,72,1.271874319478728,2.4956393511689963,4.5,6
t6176,20,80,1.1561593461025357,2.221370914985424,4.0,6
t6177,20,80,1.156159417916313,2.221378910091351,4.0,6
t6178,19,76,1.1501457387679752,2.19269928254499,4.0,6
t6179,19,76,1.1503687999990413,2.195829127148817,4.0,6
t6180,20,88,1.2503935808476612,2.449814529342882,4.4,6
t6181,20,80,1.144608848140932,2.165695387516372,4.0,6
t6182,20,80,1.1447199928526068,2.167281506066781,4.0,6
t6183,18,72,1.141475410333965,2.150485096748511,4.0,6
t6184,18,72,1.142819204072485,2.160091064930246,4.0,6
t6185,20,80,1.146923085306676,2.182421339285675,4.0,6
t6186,20,80,1.1470288322188726,2.1839192060741786,4.0,6
t6187,18,72,1.14410297975573,2.169457748789611,4.0,6
t6188,18,72,1.1453791338657149,2.17859914577371,4.0,6
t6189,18,80,1.263069680975324,2.470141246364824,4.444444444444445,6
t6190,18,80,1.263070100943169,2.4701412463648134,4.444444444444445,6
t6191,16,72,1.271873064952565,2.495617156713009,4.5,6
t6192,11,48,1.2544706082560748,2.481103065002247,4.363636363636363,6
t6193,12,56,1.32753876283368,2.6676419629224566,4.666666666666667,6
t6194,11,52,1.3396690151825963,2.7061934488913093,4.727272727272728,6
t6195,12,58,1.3627732499036511,2.7747395700182653,4.833333333333333,6
t6196,11,52,1.341945374939684,2.7061934488908093,4.727272727272728,6
t6197,12,58,1.3671553154788956,2.774739570035741,4.833333333333333,6
t6198,12,60,1.4024498869328896,2.8853900817875884,5.0,6
t6199,11,56,1.4208600649903853,2.947345873296781,5.090909090909091,6
t6200,12,62,1.4370924893578485,2.999883842744041,5.166666666666667,6
t6201,11,52,1.3370202501651314,2.706193448874916,4.727272727272728,6
t6202,12,58,1.363040242870579,2.774739570035877,4.833333333333333,6
t6203,12,60,1.402551869593643,2.885390081786692,5.0,6
t6204,11,56,1.4213771134695092,2.947345873295054,5.090909090909091,6
t6205,12,62,1.437618377026416,2.999883842767157,5.166666666666667,6
t6206,11,56,1.4188050176496183,2.94734587329523,5.090909090909091,6
t6207,12,62,1.4374954166960707,2.999883842746754,5.166666666666667,6
t6208,12,64,1.4722901796931445,3.1185209771543576,5.333333333333333,6
t6209,11,60,1.4968614201739006,3.207582561988872,5.454545454545454,6
t6210,12,66,1.5067390130149183,3.241613388596332,5.5,6
t6211,17,84,1.381785968388779,2.807777193159795,4.941176470588236,6
t6212,17,84,1.381785941293182,2.8077771931420257,4.941176470588236,6
t6213,19,84,1.2618441099462268,2.46391017751637,4.421052631578948,6
t6214,54,216,1.1493274002442353,2.188907483796853,4.0,6
t6215,36,180,1.4019259464531324,2.8955821397844104,5.0,6
t6216,11,46,1.2103760494427789,2.3736767401170287,4.181818181818182,6
t6217,19,76,1.1609418824775777,2.243871149729486,4.0,6
t6218,19,76,1.1609417241426956,2.2438711425505167,4.0,6
t6219,11,48,1.2541818760993209,2.4811030650163373,4.363636363636363,6
t6220,10,44,1.2602321946106951,2.502972102655322,4.4,6
t6221,11,50,1.2926942450624137,2.591822694921025,4.545454545454546,6
t6222,20,80,1.1560854854075933,2.2206911203798616,4.0,6
t6223,20,80,1.1561905555429477,2.2221057613574664,4.0,6
t6224,18,72,1.1542938862182004,2.2117747617008523,4.0,6
t6225,18,72,1.1555683474510028,2.220647531045848,4.0,6
t6226,20,80,1.1560855265250172,2.220690865340463,4.0,6
t6227,20,80,1.156190511366127,2.2221055092200728,4.0,6
t6228,18,72,1.1542939272995905,2.2117744618602573,4.0,6
t6229,18,72,1.1555685013321793,2.2206472500403507,4.0,6
t6230,10,44,1.263238286076688,2.5029721026565013,4.4,6
t6231,11,50,1.297948989531911,2.5918226949020724,4.545454545454546,6
t6232,11,52,1.3365945720540564,2.706193448894023,4.727272727272728,6
t6233,10,48,1.3503262775137932,2.753044958977509,4.8,6
t6234,11,54,1.3744666531024483,2.824577565589444,4.909090909090909,6
t6235,18,72,1.1550261372472408,2.216028009857296,4.0,6
t6236,18,72,1.155037381009557,2.216311796279298,4.0,6
t6237,17,68,1.14681150300252,2.1760193545512485,4.0,6
t6238,17,68,1.1495487506381032,2.195413243420319,4.0,6
t6239,18,80,1.2601412663895004,2.470153556099544,4.444444444444445,6
t6240,18,72,1.1550259461354049,2.216018922318386,4.0,6
t6241,18,72,1.1550374176135731,2.216302727597927,4.0,6
t6242,17,68,1.1468117088599885,2.176007791196954,4.0,6
t6243,17,68,1.1495484853736315,2.195402912176509,4.0,6
t6244,18,80,1.26014132794985,2.470150391242085,4.444444444444445,6
t6245,11,50,1.298446126392243,2.591822694917396,4.545454545454546,6
t6246,11,52,1.341689771491922,2.706193448891508,4.727272727272728,6
t6247,10,48,1.356366076910245,2.7530449589555808,4.8,6
t6248,11,54,1.380021322215481,2.824577565593932,4.909090909090909,6
t6249,10,48,1.3539930407299288,2.753044958973572,4.8,6
t6250,11,54,1.3803218563595585,2.8245775656141654,4.909090909090909,6
t6251,11,56,1.418434357106778,2.947345873273705,5.090909090909091,6
t6252,10,52,1.4401616532956028,3.023270000643393,5.2,6
t6253,11,58,1.4561022655183982,3.074881393234457,5.2727272727272725,6
t6254,12,54,1.2872699877167488,2.5638145123668963,4.5,6
t6255,11,50,1.2957713687081112,2.591822694902592,4.545454545454546,6
t6256,12,56,1.322557109645841,2.66764196292032,4.666666666666667,6
t6257,19,84,1.259925039040008,2.487270306826246,4.421052631578948,6
t6258,11,50,1.2984805073920211,2.591822694917238,4.545454545454546,6
t6259,12,56,1.327350084312359,2.6676419629221884,4.666666666666667,6
t6260,12,58,1.3627542012937304,2.7747395700182,4.833333333333333,6
t6261,11,54,1.3776053445985008,2.8245775655935583,4.909090909090909,6
t6262,12,60,1.3974552167775984,2.885390081790962,5.0,6
t6263,11,52,1.3394999989693612,2.7061934488911548,4.727272727272728,6
t6264,12,58,1.362628714105597,2.774739570018692,4.833333333333333,6
t6265,11,54,1.377957752817746,2.8245775655954164,4.909090909090909,6
t6266,19,84,1.2618508062645784,2.4644096580422388,4.421052631578948,6
t6267,13,60,1.308263900010487,2.5913094628564544,4.615384615384615,6
t6268,40,188,1.336485609672554,2.7027490341364784,4.7,6
t6269,17,68,1.1482470114566663,2.184057026989099,4.0,6
t6270,17,68,1.1484968987613964,2.1876081445856834,4.0,6
t6271,18,80,1.2597462640036563,2.4702246968797485,4.444444444444445,6
t6272,18,72,1.142195098090607,2.15453574869286,4.0,6
t6273,18,72,1.1423187507786678,2.1563373857386727,4.0,6
t6274,16,64,1.1383651056864628,2.1359950562451093,4.0,6
t6275,16,64,1.139878924593714,2.1469845903664853,4.0,6
t6276,18,72,1.1447704931517384,2.173319497871381,4.0,6
t6277,18,72,1.144888258135394,2.175008506996308,4.0,6
t6278,16,64,1.141326460911377,2.157660009002425,4.0,6
t6279,16,64,1.1427639869243402,2.1680422789240663,4.0,6
t6280,16,72,1.2751770369942106,2.49570488478698,4.5,6
t6281,16,72,1.2751771862586316,2.495704884770961,4.5,6
t6282,14,64,1.2869679279209405,2.5285711954656507,4.571428571428571,6
t6283,17,68,1.1482349466084076,2.1837284946442472,4.0,6
t6284,17,68,1.148484643142434,2.187285410608209,4.0,6
t6285,18,80,1.259735752184768,2.470079257049771,4.444444444444445,6
t6286,18,72,1.1421830738879364,2.1541956122451134,4.0,6
t6287,18,72,1.1423068573201325,2.156000358457809,4.0,6
t6288,16,64,1.1383517690846678,2.1355890159449213,4.0,6
t6289,16,64,1.1398649724756629,2.1465973775285514,4.0,6
t6290,18,72,1.1447590886373624,2.173005529603591,4.0,6
t6291,18,72,1.1448766826854544,2.17469719208928,4.0,6
t6292,16,64,1.1413137055678662,2.157290092135487,4.0,6
t6293,16,64,1.1427509685201986,2.1676883035343666,4.0,6
t6294,16,72,1.2751657035574224,2.495551626203365,4.5,6
t6295,16,72,1.2751661239125731,2.495551626203352,4.5,6
t6296,14,64,1.2869557022053566,2.5284101058916204,4.571428571428571,6
t6297,19,76,1.15022585445813,2.1937950444521435,4.0,6
t6298,19,76,1.150337179996078,2.1953575147429456,4.0,6
t6299,17,68,1.147632394764733,2.181204380612032,4.0,6
t6300,17,68,1.148987894496311,2.190889778782084,4.0,6
t6301,24,104,1.231025663989045,2.3773205831639896,4.333333333333333,6
t6302,19,76,1.150204169945391,2.193223323111889,4.0,6
t6303,19,76,1.1503155544470245,2.1947902410468085,4.0,6
t6304,17,68,1.1476076233564083,2.1805399045733296,4.0,6
t6305,17,68,1.148963707270374,2.190251900438565,4.0,6
t6306,12,52,1.2310103352240107,2.3770457010313883,4.333333333333333,6
t6307,17,76,1.2742044055690025,2.5135789884540114,4.470588235294118,6
t6308,17,76,1.2742040748037788,2.513578988454009,4.470588235294118,6
t6309,20,88,1.2501890011427628,2.449364507987488,4.4,6
t6310,20,88,1.2502918401208232,2.450285937065069,4.4,6
t6311,18,80,1.2588725949270747,2.466833210078169,4.444444444444445,6
t6312,18,80,1.2601270584507704,2.473517103523799,4.444444444444445,6
t6313,15,68,1.2849559689446863,2.547109427921663,4.533333333333333,6
t6314,22,104,1.3311751783917565,2.643117377826637,4.727272727272728,6
t6315,11,48,1.2456172768067673,2.416049973431685,4.363636363636363,6
t6316,42,174,1.1845844893647608,2.262153172181036,4.142857142857143,6
t6317,54,222,1.1672597039602126,2.1691722145499086,4.111111111111111,6
t6318,15,68,1.287273346606162,2.521568258168453,4.533333333333333,6
t6319,37,174,1.326172661206318,2.631760329783002,4.702702702702703,6
t6320,11,52,1.342140602740378,2.706193448875932,4.727272727272728,6
t6321,10,48,1.3569402059275395,2.7530449589727075,4.8,6
t6322,11,54,1.3805715679829216,2.824577565595598,4.909090909090909,6
t6323,11,54,1.3853443405774497,2.824577565612506,4.909090909090909,6
t6324,11,56,1.4238367344023692,2.947345873276405,5.090909090909091,6
t6325,10,52,1.446218692953607,3.023270000647182,5.2,6
t6326,11,58,1.461618577741365,3.074881393207717,5.2727272727272725,6
t6327,11,54,1.380830093441077,2.824577565596329,4.909090909090909,6
t6328,11,56,1.423921690695665,2.947345873293924,5.090909090909091,6
t6329,10,52,1.4467586805812511,3.0232700006666184,5.2,6
t6330,11,58,1.4621651773238526,3.0748813932095223,5.2727272727272725,6
t6331,11,58,1.4620193118470377,3.0748813932096977,5.2727272727272725,6
t6332,11,60,1.499960758576152,3.2075825620130702,5.454545454545454,6
t6333,10,56,1.529741596141289,3.3177421789030945,5.6,6
t6334,11,62,1.537526005571658,3.3458662023358943,5.636363636363637,6
t6335,15,76,1.4103846909581563,2.8853900817690143,5.066666666666666,6
t6336,15,76,1.410385011524582,2.8853900817690223,5.066666666666666,6
t6337,12,58,1.3673440944766988,2.774739570019922,4.833333333333333,6
t6338,11,54,1.3830101392402343,2.824577565613192,4.909090909090909,6
t6339,12,60,1.4024673811718535,2.885390081768254,5.0,6
t6340,12,60,1.4027199386085063,2.885390081786693,5.0,6
t6341,12,62,1.4376373955556074,2.9998838427462178,5.166666666666667,6
t6342,11,58,1.4591234287497996,3.074881393206528,5.2727272727272725,6
t6343,12,64,1.4721528440049447,3.118520977179568,5.333333333333333,6
t6344,12,58,1.3673542443499267,2.774739570035322,4.833333333333333,6
t6345,12,60,1.4027191864322164,2.88539008176917,5.0,6
t6346,11,56,1.4211824282526464,2.947345873275391,5.090909090909091,6
t6347,12,62,1.4373929452575431,2.999883842745498,5.166666666666667,6
t6348,11,54,1.383093836289426,2.824577565612665,4.909090909090909,6
t6349,12,60,1.4025701587414567,2.8853900817866904,5.0,6
t6350,6,30,1.402737190976655,2.885390081769488,5.0,6
t6351,11,56,1.4216569505573844,2.9473458732765816,5.090909090909091,6
t6352,10,52,1.443849311496502,3.0232700006476168,5.2,6
t6353,11,58,1.459469012692745,3.0748813932082943,5.2727272727272725,6
t6354,12,62,1.4379083835923956,2.9998838427658434,5.166666666666667,6
t6355,11,58,1.459554102854466,3.0748813932091275,5.2727272727272725,6
t6356,12,64,1.4725610046282351,3.1185209771554616,5.333333333333333,6
t6357,15,68,1.2890693046775212,2.5471094279202773,4.533333333333333,6
t6358,16,72,1.2754010003060945,2.4950993819808245,4.5,6
t6359,16,72,1.275518226743938,2.496157672907932,4.5,6
t6360,14,64,1.2902688774041835,2.524485890734508,4.571428571428571,6
t6361,14,64,1.2917424714790442,2.532538322919624,4.571428571428571,6
t6362,38,186,1.3792933231429072,2.809547740181724,4.894736842105263,6
t6363,12,58,1.3690233491513533,2.793667778143743,4.833333333333333,6
t6364,24,120,1.403851390696408,2.898592172056801,5.0,6
t6365,13,60,1.3082641645995596,2.591309462841898,4.615384615384615,6
t6366,11,52,1.3339920646615275,2.6522373301763413,4.727272727272728,6
t6367,15,68,1.2875265769681798,2.531475059322096,4.533333333333333,6
t6368,11,48,1.2460118095887396,2.423659636263871,4.363636363636363,6
t6369,17,84,1.3951208237606283,2.869480689393076,4.941176470588236,6
t6370,28,144,1.4355768494121568,2.996270823923147,5.142857142857143,6
t6371,45,216,1.3419721113104932,2.6349909518138657,4.8,6
t6372,48,198,1.1787966040590705,2.2515554057316143,4.125,6
t6373,27,114,1.2061789134295435,2.3206982412985697,4.222222222222222,6
t6374,20,96,1.353504804803792,2.7390463735192734,4.8,6
t6375,56,240,1.2221761947386645,2.35077702419336,4.285714285714286,6
t6376,60,240,1.144159276845788,2.1646183485438195,4.0,6
t6377,50,222,1.2571951337544451,2.4387173552575234,4.44,6
t6378,55,228,1.1853751276190947,2.25550277718939,4.1454545454545455,6
t6379,49,210,1.2171384241193333,2.3174476286069106,4.285714285714286,6
t6380,43,186,1.2306671803977447,2.3649888923465605,4.325581395348837,6
t6381,18,78,1.2365052339590146,2.395867381731545,4.333333333333333,6
t6382,20,88,1.2542979352221666,2.4500262151855208,4.4,6
t6383,54,216,1.1456585736073266,2.152784451077561,4.0,6
t6384,20,88,1.25322966081317,2.438695693204847,4.4,6
t6385,55,228,1.184866086857561,2.2527450032111926,4.1454545454545455,6
t6386,56,240,1.221505117903801,2.3420086052095987,4.285714285714286,6
t6387,17,72,1.1938732133407797,2.224291415225835,4.235294117647059,6
t6388,20,90,1.2624821495975451,2.416583748457042,4.5,6
t6389,18,78,1.2286335455569497,2.336210622174904,4.333333333333333,6
t6390,49,210,1.2165437372291072,2.3134237778351023,4.285714285714286,6
t6391,43,186,1.2299874526042736,2.3601792021551304,4.325581395348837,6
t6392,20,88,1.2472126787142237,2.392595360925694,4.4,6
t6393,20,80,1.145844527697548,2.173266702055332,4.0,6
t6394,18,72,1.1428957079267426,2.1590760149996706,4.0,6
t6395,18,72,1.1441872428297013,2.1684756178397184,4.0,6
t6396,20,80,1.14605768298337,2.176349735049249,4.0,6
t6397,18,72,1.1431377064262491,2.162611165704829,4.0,6
t6398,18,72,1.144423504875139,2.17189883252492,4.0,6
t6399,18,80,1.2627929194427814,2.470645267198399,4.444444444444445,6
t6400,18,80,1.262792754270911,2.470645267182072,4.444444444444445,6
t6401,16,72,1.271477695264972,2.4961576729094164,4.5,6
t6402,17,68,1.1332325357801594,2.1121256275793656,4.0,6
t6403,17,68,1.1360583714107515,2.1332102733077765,4.0,6
t6404,18,80,1.2476633087403142,2.4065094985646485,4.444444444444445,6
t6405,17,68,1.1360339328044478,2.133210273318749,4.0,6
t6406,17,68,1.1387798221175034,2.1531643823885047,4.0,6
t6407,18,80,1.2500659020212035,2.4205110395151013,4.444444444444445,6
t6408,18,88,1.3640338100574243,2.741918944266332,4.888888888888889,6
t6409,18,88,1.364033993882761,2.7419189442663283,4.888888888888889,6
t6410,16,80,1.3846951299632375,2.804319608662185,5.0,6
t6411,16,80,1.384695368126852,2.804319608635721,5.0,6
t6412,18,72,1.142776442890347,2.157288219387368,4.0,6
t6413,18,72,1.144068600746878,2.166745206446659,4.0,6
t6414,18,72,1.1430189923202108,2.16085025016703,4.0,6
t6415,18,72,1.1443052237793645,2.170193421513744,4.0,6
t6416,18,80,1.2626804731783827,2.469659335499798,4.444444444444445,6
t6417,18,80,1.262680434019034,2.469659335499798,4.444444444444445,6
t6418,16,72,1.271352003224165,2.49509938199736,4.5,6
t6419,17,68,1.133100083494858,2.1100064491622224,4.0,6
t6420,17,68,1.135926714809726,2.1312440364757177,4.0,6
t6421,18,80,1.2475430420353204,2.4054065252341243,4.444444444444445,6
t6422,17,68,1.1359077527518684,2.131244036464738,4.0,6
t6423,17,68,1.1386548423700549,2.151330104776246,4.0,6
t6424,18,80,1.2499509184702715,2.4194559823281154,4.444444444444445,6
t6425,18,88,1.3639336529105932,2.7412963266012724,4.888888888888889,6
t6426,18,88,1.363933464701028,2.7412963265790515,4.888888888888889,6
t6427,16,80,1.384583658360814,2.8036871382904365,5.0,6
t6428,16,80,1.384583396914738,2.8036871382639297,5.0,6
t6429,18,76,1.2032742923102753,2.300350711479846,4.222222222222222,6
t6430,60,240,1.143530601353889,2.158405960778268,4.0,6
t6431,16,64,1.139320448207538,2.1433194401109725,4.0,6
t6432,16,64,1.1422439004364997,2.1645527119805243,4.0,6
t6433,17,76,1.2598422343693918,2.452474816421339,4.470588235294118,6
t6434,16,64,1.1407988854699431,2.154085479040005,4.0,6
t6435,16,64,1.1390462767445306,2.139142174669612,4.0,6
t6436,16,64,1.141977563829473,2.160674222022902,4.0,6
t6437,17,76,1.2596108399310677,2.4503331860808046,4.470588235294118,6
t6438,16,64,1.1405267774362489,2.1500632636517696,4.0,6
t6439,17,84,1.3810146429270247,2.807777193161052,4.941176470588236,6
t6440,17,84,1.381014855864494,2.807777193161058,4.941176470588236,6
t6441,15,76,1.4052600998336202,2.8853900817899567,5.066666666666666,6
t6442,15,76,1.405260417262084,2.885390081765911,5.066666666666666,6
t6443,16,72,1.274029017728706,2.4919969234164023,4.5,6
t6444,16,72,1.2740291486497306,2.4919969233998174,4.5,6
t6445,17,76,1.2577813958641444,2.4442630774149463,4.470588235294118,6
t6446,14,64,1.2855675099792196,2.5244858907360808,4.571428571428571,6
t6447,16,72,1.2754185125413524,2.499304931970305,4.5,6
t6448,16,72,1.2754183767734462,2.499304931970299,4.5,6
t6449,17,76,1.260453624541213,2.458583533705593,4.470588235294118,6
t6450,14,64,1.287147288643113,2.532538322936269,4.571428571428571,6
t6451,18,88,1.3646221950040565,2.741607522126374,4.888888888888889,6
t6452,9,44,1.364624841776573,2.741607522108388,4.888888888888889,6
t6453,9,44,1.3646244021846083,2.741607522108376,4.888888888888889,6
t6454,16,72,1.273079917634177,2.470269021597063,4.5,6
t6455,17,76,1.2698428426254815,2.481917808585938,4.470588235294118,6
t6456,16,72,1.2737116300672524,2.474296657810461,4.5,6
t6457,12,52,1.2295668638236652,2.3717091519236524,4.333333333333333,6
t6458,24,104,1.2314325048340826,2.382720499513714,4.333333333333333,6
t6459,17,68,1.1451659832232832,2.1531019502670303,4.0,6
t6460,15,64,1.2176770111637278,2.3457259510260027,4.266666666666667,6
t6461,19,76,1.1440037070549196,2.159946696754188,4.0,6
t6462,17,84,1.3826735157049772,2.781580552182256,4.941176470588236,6
t6463,18,88,1.3736628929623602,2.7741434935594134,4.888888888888889,6
t6464,22,104,1.3310214478343871,2.630128041305003,4.727272727272728,6
t6465,20,90,1.2626749861012785,2.3953798292216115,4.5,6
t6466,18,84,1.3075770485716365,2.533307456948113,4.666666666666667,6
t6467,18,88,1.3637276975475792,2.70140385418319,4.888888888888889,6
t6468,60,276,1.2878030368448814,2.4533456927939072,4.6,6
t6469,18,80,1.263651589480736,2.4608276371462834,4.444444444444445,6
t6470,16,76,1.343771983203638,2.694880296965924,4.75,6
t6471,18,88,1.3640760619676473,2.707641996218169,4.888888888888889,6
t6472,17,84,1.3831627754243003,2.797950211015959,4.941176470588236,6
t6473,33,156,1.32808116636465,2.618376979249301,4.727272727272728,6
t6474,11,52,1.3310951272566622,2.6309466732266507,4.727272727272728,6
t6475,17,78,1.2983994311779,2.546876261337532,4.588235294117647,6
t6476,17,76,1.26544813931496,2.4461800543420584,4.470588235294118,6
t6477,50,222,1.2565309753988427,2.433780288857556,4.44,6
t6478,9,40,1.2637228655728836,2.461870648922156,4.444444444444445,6
t6479,18,80,1.2627997497620769,2.458547767684141,4.444444444444445,6
t6480,31,138,1.2481095496368282,2.3227078252212974,4.451612903225806,6
t6481,30,126,1.183914211384437,2.175227440531609,4.2,6
t6482,54,270,1.3987996363954744,2.84376392237546,5.0,6
t6483,48,246,1.4282817705074686,2.9555706992210804,5.125,6
t6484,60,288,1.352081279619688,2.714148384860568,4.8,6
t6485,48,216,1.2790483835425135,2.502427702198824,4.5,6
t6486,54,270,1.399924297904764,2.859981333617397,5.0,6
t6487,48,246,1.4295080842733812,2.9740516006419107,5.125,6
t6488,48,216,1.280368648475864,2.5227853590481346,4.5,6
t6489,38,186,1.3808229454571592,2.8309511582533298,4.894736842105263,6
t6490,38,186,1.3808198816293984,2.830747789347768,4.894736842105263,6
t6491,16,76,1.3386056167492957,2.6772810917746472,4.75,6
t6492,22,92,1.1738211503527458,2.133022689277435,4.181818181818182,6
t6493,18,84,1.323145937845079,2.640517509659163,4.666666666666667,6
t6494,20,94,1.3315742514279587,2.6637518488280207,4.7,6
t6495,18,84,1.3225871184016236,2.635007620714923,4.666666666666667,6
t6496,20,94,1.3310485287436982,2.659677613491955,4.7,6
t6497,16,68,1.2128199868586218,2.324972609794923,4.25,6
t6498,54,252,1.3099698740655,2.550224198497323,4.666666666666667,6
t6499,37,174,1.332115139813545,2.674975723255136,4.702702702702703,6
t6500,37,174,1.3320328659186873,2.675624310682823,4.702702702702703,6
t6501,17,78,1.2777259078293748,2.408099214037905,4.588235294117647,6
t6502,20,96,1.332852979953268,2.59835937727074,4.8,6
t6503,18,90,1.3850525642004397,2.758470000666845,5.0,6
t6504,37,156,1.183870834627432,2.190959560371818,4.216216216216216,6
t6505,37,150,1.1436027619940838,2.1232577611453904,4.054054054054054,6
t6506,31,138,1.247741300991494,2.362368372963049,4.451612903225806,6
t6507,30,144,1.3331957754860002,2.6228681083041505,4.8,6
t6508,31,150,1.3423591229021752,2.6428016683846205,4.838709677419355,6
t6509,17,78,1.2775086713911576,2.4364587267381426,4.588235294117647,6
t6510,20,96,1.3335169320439588,2.592581006576051,4.8,6
t6511,16,66,1.1624273392577742,2.1599319369296395,4.125,6
t6512,12,54,1.2612821502135592,2.393430390917378,4.5,6
t6513,11,48,1.224124272578957,2.292865932891703,4.363636363636363,6
t6514,31,138,1.247503275572848,2.358919452436452,4.451612903225806,6
t6515,24,108,1.2612833021390897,2.3933547707047955,4.5,6
t6516,15,60,1.130996671393338,2.108735235382312,4.0,6
t6517,16,72,1.256922503340532,2.419171870769025,4.5,6
t6518,19,84,1.2386501491115467,2.32997487563826,4.421052631578948,6
t6519,15,60,1.131033776547399,2.108735235382305,4.0,6
t6520,15,60,1.134158664052337,2.1321431432640745,4.0,6
t6521,16,72,1.259686320813458,2.434737277264148,4.5,6
t6522,16,80,1.3880245222081435,2.801314184302081,5.0,6
t6523,16,80,1.3880243735877935,2.8013141843020857,5.0,6
t6524,14,72,1.4150687932131265,2.88254409822872,5.142857142857143,6
t6525,14,72,1.4150687536287727,2.8825440982287245,5.142857142857143,6
t6526,12,60,1.381476329758205,2.7744598495261377,5.0,6
t6527,11,48,1.2215689392515163,2.3017727781600765,4.363636363636363,6
t6528,12,54,1.2550177766850978,2.389276818108277,4.5,6
t6529,15,60,1.1294089477695273,2.096446746239056,4.0,6
t6530,15,60,1.132580174920466,2.120623971877005,4.0,6
t6531,15,68,1.2741029462831577,2.467882978010722,4.533333333333333,6
t6532,15,68,1.2741037370949706,2.4678829780107274,4.533333333333333,6
t6533,13,60,1.2866713340414095,2.4988327813501328,4.615384615384615,6
t6534,15,60,1.1326162809486102,2.120623971865989,4.0,6
t6535,16,72,1.258403403417106,2.427028053953457,4.5,6
t6536,16,72,1.2622565884180683,2.3993431708412887,4.5,6
t6537,16,72,1.262246195456148,2.3983963847519028,4.5,6
t6538,19,84,1.2423719841995031,2.3534807989282416,4.421052631578948,6
t6539,20,96,1.33711161341547,2.61363265718048,4.8,6
t6540,31,150,1.3435000328950768,2.6068963152645,4.838709677419355,6
t6541,10,48,1.3372186635325678,2.6219597383657685,4.8,6
t6542,11,54,1.3631283253808564,2.704096049434724,4.909090909090909,6
t6543,20,96,1.3371859995127242,2.6176861052119835,4.8,6
t6544,22,96,1.2278710660243322,2.3218685441055285,4.363636363636363,6
t6545,11,48,1.227873272220921,2.321667718446333,4.363636363636363,6
t6546,11,48,1.2240317611940728,2.298652517057711,4.363636363636363,6
t6547,10,48,1.329564597550578,2.592202386043694,4.8,6
t6548,11,54,1.3557792487526248,2.670899354919301,4.909090909090909,6
t6549,11,48,1.2258100461266157,2.310364672980347,4.363636363636363,6
t6550,12,54,1.2611283529291966,2.4092640272908423,4.5,6
t6551,22,96,1.225461900796324,2.329679746830884,4.363636363636363,6
t6552,11,48,1.2254608959314086,2.32967974683089,4.363636363636363,6
t6553,24,108,1.2614432758672016,2.393309796318273,4.5,6
t6554,17,78,1.2862402948321825,2.4775914491581634,4.588235294117647,6
t6555,11,60,1.4885730607239362,3.104674645122474,5.454545454545454,6
t6556,12,66,1.4991705270397064,3.145096668754976,5.5,6
t6557,42,210,1.3840095284639349,2.731406554535433,5.0,6
t6558,11,54,1.3654292225424984,2.709236596158453,4.909090909090909,6
t6559,12,60,1.386761951122987,2.7814903331387937,5.0,6
t6560,36,174,1.3484008041229067,2.651807807281704,4.833333333333333,6
t6561,18,90,1.3853356096032523,2.774899248364576,5.0,6
t6562,10,48,1.3375897952153348,2.614877490747792,4.8,6
t6563,11,54,1.3635221347936557,2.6905506420404097,4.909090909090909,6
t6564,12,60,1.3871033713706162,2.774899093091545,5.0,6
t6565,24,120,1.3871057301045626,2.77470230032872,5.0,6
t6566,11,54,1.3590694361709497,2.6659810972868763,4.909090909090909,6
t6567,12,60,1.380622462621408,2.7335256314634457,5.0,6
t6568,11,54,1.3598201031802004,2.666881784536192,4.909090909090909,6
t6569,38,168,1.243063803276482,2.366535614759378,4.421052631578948,6
t6570,39,180,1.2923969479327782,2.4960158900981457,4.615384615384615,6
t6571,42,210,1.3846370244535358,2.8052601953626186,5.0,6
t6572,32,150,1.311012547171551,2.5711019796075005,4.6875,6
t6573,36,174,1.3454906518979486,2.671980704161822,4.833333333333333,6
t6574,16,72,1.2610967393382564,2.4423060725845147,4.5,6
t6575,16,80,1.3892740500565577,2.8067139121645424,5.0,6
t6576,16,80,1.3892741978777017,2.8067139121434828,5.0,6
t6577,14,72,1.4164852401082713,2.888254335182157,5.142857142857143,6
t6578,14,72,1.4164852644948027,2.8882543352071988,5.142857142857143,6
t6579,24,120,1.3831397122769216,2.7817800647474864,5.0,6
t6580,15,68,1.2770111944727331,2.483649072168882,4.533333333333333,6
t6581,15,68,1.277011622744734,2.483649072152083,4.533333333333333,6
t6582,13,60,1.2899997336707614,2.51634990637436,4.615384615384615,6
t6583,37,156,1.1908835402737137,2.2498269541021974,4.216216216216216,6
t6584,22,114,1.4301505994557269,2.928852609375003,5.181818181818182,6
t6585,36,174,1.3497544759934703,2.666998952180626,4.833333333333333,6
t6586,16,78,1.35892548623061,2.694927096562725,4.875,6
t6587,18,90,1.3880257647711476,2.781548707502482,5.0,6
t6588,13,60,1.292449658284722,2.490396754902147,4.615384615384615,6
t6589,20,96,1.338967834282691,2.6274129612125527,4.8,6
t6590,16,72,1.264564508993169,2.435134738262008,4.5,6
t6591,22,96,1.2294797562942974,2.3543963659930744,4.363636363636363,6
t6592,11,48,1.2294793300586004,2.354396366007341,4.363636363636363,6
t6593,15,84,1.52527182362751,3.2607753118430667,5.6,6
t6594,14,72,1.4231333212430617,2.8924359853764754,5.142857142857143,6
t6595,42,216,1.421302907077592,2.8763042182909446,5.142857142857143,6
t6596,18,90,1.3895581026239174,2.784669101489602,5.0,6
t6597,20,96,1.3414201676601336,2.634413910140872,4.8,6
t6598,14,72,1.4212854391364238,2.886702756250443,5.142857142857143,6
t6599,14,72,1.4213575551307709,2.8889724257467915,5.142857142857143,6
t6600,11,54,1.3690520487942173,2.718256979310566,4.909090909090909,6
t6601,24,120,1.3882512443805393,2.7768554064932967,5.0,6
t6602,16,80,1.3928858421015455,2.8040032915142805,5.0,6
t6603,16,80,1.3928859456126992,2.8040032914968465,5.0,6
t6604,14,72,1.4213965708113645,2.885390081768572,5.142857142857143,6
t6605,31,150,1.350509812164644,2.66103833323924,4.838709677419355,6
t6606,20,96,1.3414184936215188,2.634837809750057,4.8,6
t6607,24,120,1.3881129908653849,2.7781083997195832,5.0,6
t6608,12,60,1.3881130534083956,2.778108399719584,5.0,6
t6609,50,258,1.4211072890265215,2.851773386103233,5.16,6
t6610,56,276,1.3753400808368847,2.745532541674206,4.928571428571429,6
t6611,45,216,1.344210936870078,2.652828562232408,4.8,6
t6612,49,228,1.291428236265736,2.386690006823226,4.653061224489796,6
t6613,49,228,1.2926421088610385,2.397458871545247,4.653061224489796,6
t6614,48,216,1.2566192415627682,2.3045362478894504,4.5,6
t6615,45,216,1.346856317275808,2.669944801285684,4.8,6
t6616,11,56,1.4261722262764591,2.9473458732937523,5.090909090909091,6
t6617,12,62,1.442022431970672,2.999883842747734,5.166666666666667,6
t6618,12,62,1.4422052195113193,2.999883842765237,5.166666666666667,6
t6619,12,64,1.4770793631611676,3.1185209771564546,5.333333333333333,6
t6620,11,60,1.5021228289308068,3.2075825620136764,5.454545454545454,6
t6621,12,66,1.5115641899833243,3.2416133886222243,5.5,6
t6622,12,62,1.4421940591920626,2.9998838427480408,5.166666666666667,6
t6623,11,60,1.502601924426289,3.207582562012269,5.454545454545454,6
t6624,12,66,1.5120109436491775,3.2416133886007565,5.5,6
t6625,11,60,1.5026417719848066,3.207582561993352,5.454545454545454,6
t6626,12,66,1.5118634848667545,3.241613388600774,5.5,6
t6627,11,64,1.577844090233077,3.490170335857349,5.818181818181818,6
t6628,12,70,1.580968547870134,3.502481735251469,5.833333333333333,6
t6629,43,228,1.4713886832512262,3.101335050985047,5.3023255813953485,6
t6630,20,102,1.429959973156646,2.9744236133768647,5.1,6
t6631,37,204,1.5154327357153348,3.25748161065236,5.513513513513513,6
t6632,43,228,1.4724221353286533,3.114673292920621,5.3023255813953485,6
t6633,11,58,1.464200627170103,3.074881393209315,5.2727272727272725,6
t6634,12,64,1.4768159309133506,3.1185209771765288,5.333333333333333,6
t6635,11,58,1.464620561607293,3.0748813932102674,5.2727272727272725,6
t6636,12,64,1.477251227867625,3.118520977156784,5.333333333333333,6
t6637,11,62,1.540009117412969,3.34586620235908,5.636363636363637,6
t6638,12,68,1.546288634641943,3.369486636693966,5.666666666666667,6
t6639,11,58,1.4644450549075356,3.0748813932280963,5.2727272727272725,6
t6640,10,56,1.5327275440811068,3.3177421789046013,5.6,6
t6641,11,62,1.5402421641772617,3.345866202337369,5.636363636363637,6
t6642,11,62,1.5402994656716482,3.3458662023377865,5.636363636363637,6
t6643,12,68,1.5465564131503065,3.369486636692915,5.666666666666667,6
t6644,11,62,1.5403166028400963,3.345866202337981,5.636363636363637,6
t6645,16,84,1.4613663658561495,3.076352140444987,5.25,6
t6646,24,120,1.407669873992975,2.8939736072391846,5.0,6
t6647,12,60,1.4084069611425614,2.902230601183167,5.0,6
t6648,24,120,1.4089772570953316,2.9075977315217365,5.0,6
t6649,12,60,1.4083216153971474,2.900752344557351,5.0,6
t6650,16,84,1.4608569467154473,3.0694844735832727,5.25,6
t6651,12,62,1.4437237339747788,3.015853117646188,5.166666666666667,6
t6652,12,60,1.409632743847146,2.914320683565944,5.0,6
t6653,39,198,1.426376938414665,2.9734945644826167,5.076923076923077,6
t6654,15,76,1.4243075190892596,2.967099340927282,5.066666666666666,6
t6655,17,86,1.422721241000238,2.96233782868609,5.0588235294117645,6
t6656,17,86,1.4223075026167935,2.958240529409862,5.0588235294117645,6
t6657,24,120,1.4102803628458052,2.9208529219460586,5.0,6
t6658,31,162,1.456220921277377,3.0583229607378115,5.225806451612903,6
t6659,21,108,1.4395234739917937,3.0094101310447714,5.142857142857143,6
t6660,24,120,1.4097192217005272,2.9157514555788544,5.0,6
t6661,12,60,1.4097064955201268,2.915496529741772,5.0,6
t6662,14,72,1.440052639582303,3.015083087505574,5.142857142857143,6
t6663,42,216,1.4368708777996373,2.9891038030281187,5.142857142857143,6
t6664,15,76,1.424742327754925,2.970765186195181,5.066666666666666,6
t6665,35,204,1.5778624529983647,3.48478327424506,5.828571428571428,6
t6666,36,210,1.5789046474696642,3.4891045347620406,5.833333333333333,6
t6667,34,192,1.537954386574262,3.319887521802348,5.647058823529412,6
t6668,33,180,1.4951065205364615,3.1499439960875555,5.454545454545454,6
t6669,15,84,1.5276190217487184,3.279821705642977,5.6,6
t6670,22,114,1.4336088414588626,2.9248295774169017,5.181818181818182,6
t6671,12,66,1.505182060442055,3.18878695117366,5.5,6
t6672,11,60,1.4950906715130854,3.150519825636769,5.454545454545454,6
t6673,11,60,1.4952889707153745,3.1540672008486683,5.454545454545454,6
